<?xml version="1.0" encoding="UTF-8"?>
<project-private xmlns="http://www.netbeans.org/ns/project-private/1">
    <editor-bookmarks xmlns="http://www.netbeans.org/ns/editor-bookmarks/2" lastBookmarkId="0"/>
    <open-files xmlns="http://www.netbeans.org/ns/projectui-open-files/2">
        <group>
            <file>file:/C:/Users/Beto/3D%20Objects/Programacion%20POO/Hotel/src/texting/Main.java</file>
            <file>file:/C:/Users/Beto/3D%20Objects/Programacion%20POO/Hotel/src/umag/datos/Habitacion.java</file>
            <file>file:/C:/Users/Beto/3D%20Objects/Programacion%20POO/Hotel/src/umag/datos/SistemaHotel.java</file>
        </group>
    </open-files>
</project-private>
